{"val_ap": 0.9535042870334721, "val_loss": 0.06356289988281447, "val_acc": 0.9814176357155379, "_timestamp": 1658617907, "_runtime": 4597, "_step": 26, "best_val_ap": 0.9587508809860176, "_wandb": {"runtime": 4598}}