{"val_ap": 0.9554032902592849, "val_loss": 0.06614997865732204, "val_acc": 0.9806579793139718, "_timestamp": 1658640717, "_runtime": 8004, "_step": 18, "best_val_ap": 0.9577241183125882, "_wandb": {"runtime": 8162}}