{"val_ap": 0.9551816865385585, "val_loss": 0.05821102171220277, "val_acc": 0.9808917197452229, "_timestamp": 1658622404, "_runtime": 4481, "_step": 17, "best_val_ap": 0.9571359393829012, "_wandb": {"runtime": 4482}}