{"val_ap": 0.9555327902233118, "val_loss": 0.07163817951254922, "val_acc": 0.982411032548355, "_timestamp": 1658594045, "_runtime": 7133, "_step": 21, "best_val_ap": 0.9574398212630538, "_wandb": {"runtime": 7134}}