{"val_ap": 0.9350903927533041, "val_loss": 0.07641624410831063, "val_acc": 0.9761000409045755, "_timestamp": 1658627256, "_runtime": 896, "_step": 4}