{"val_ap": 0.9523476780186215, "val_loss": 0.05922077729368951, "val_acc": 0.9818266814702273, "_timestamp": 1658604363, "_runtime": 3988, "_step": 17, "best_val_ap": 0.9549762970452444, "_wandb": {"runtime": 3988}}