{"val_ap": 0.9550379464598872, "val_loss": 0.06071149654612872, "val_acc": 0.9799567580202185, "_timestamp": 1658618117, "_runtime": 6029, "_step": 19, "best_val_ap": 0.957387115078958, "_wandb": {"runtime": 6030}}