{"val_ap": 0.9560020908627573, "val_loss": 0.05856531325686123, "val_acc": 0.9805411090983462, "_timestamp": 1658639572, "_runtime": 6827, "_step": 15, "best_val_ap": 0.9569859814885445, "_wandb": {"runtime": 6987}}