{"val_ap": 0.9541221871347942, "val_loss": 0.06442429120040948, "val_acc": 0.980365803774908, "_timestamp": 1658625958, "_runtime": 3537, "_step": 25, "best_val_ap": 0.9575847265752667, "_wandb": {"runtime": 3537}}