{"val_ap": 0.9557251252392893, "val_loss": 0.06028328232969162, "val_acc": 0.9808917197452229, "_timestamp": 1658626339, "_runtime": 6590, "_step": 22, "best_val_ap": 0.9570600818692702, "_wandb": {"runtime": 6590}}