{"val_ap": 0.9431565354937907, "val_loss": 0.07097252291432779, "val_acc": 0.9752819493951966, "_timestamp": 1658586492, "_runtime": 962, "_step": 3}