{"val_ap": 0.9484666598836465, "val_loss": 0.06191353538768404, "val_acc": 0.9807164144217846, "_timestamp": 1658607319, "_runtime": 5246, "_step": 17, "best_val_ap": 0.9554915425462615, "_wandb": {"runtime": 5246}}