{"val_ap": 0.9547595012023292, "val_loss": 0.05758604576323247, "val_acc": 0.981651376146789, "_timestamp": 1658619732, "_runtime": 4863, "_step": 20, "best_val_ap": 0.9559333875622192, "_wandb": {"runtime": 4863}}