{"val_ap": 0.9545359881391073, "val_loss": 0.059684762667303146, "val_acc": 0.9814176357155379, "_timestamp": 1658614851, "_runtime": 7516, "_step": 20, "best_val_ap": 0.9570276768305838, "_wandb": {"runtime": 7516}}