{"val_ap": 0.9563259823015575, "val_loss": 0.06226205237671553, "val_acc": 0.9808917197452229, "_timestamp": 1658600358, "_runtime": 6931, "_step": 14, "best_val_ap": 0.9582235627732176, "_wandb": {"runtime": 6930}}