{"val_ap": 0.9565962086482083, "val_loss": 0.060161164808135756, "val_acc": 0.9819435516858529, "_timestamp": 1658604616, "_runtime": 8299, "_step": 20, "best_val_ap": 0.9575570323343146, "_wandb": {"runtime": 8299}}