{"val_ap": 0.9541704438975024, "val_loss": 0.05825125993870702, "val_acc": 0.9818266814702273, "_timestamp": 1658627131, "_runtime": 4001, "_step": 17}