{"val_ap": 0.9480244556267746, "val_loss": 0.06357052947108781, "val_acc": 0.978554315432712, "_timestamp": 1658627113, "_runtime": 1947, "_step": 7}