{"val_ap": 0.9524923877078189, "val_loss": 0.06039516197245731, "val_acc": 0.9800736282358441, "_timestamp": 1658570963, "_runtime": 1845, "_step": 6}