{"val_ap": 0.9537215931515155, "val_loss": 0.06492027343805752, "val_acc": 0.9807748495295974, "_timestamp": 1658578264, "_runtime": 6721, "_step": 18, "best_val_ap": 0.9562509844817886, "_wandb": {"runtime": 6722}}