{"val_ap": 0.9491461096539375, "val_loss": 0.06666868024476885, "val_acc": 0.9784374452170864, "_timestamp": 1658580493, "_runtime": 4778, "_step": 13}