{"val_ap": 0.9534248155812041, "val_loss": 0.059620792951661464, "val_acc": 0.9813007654999123, "_timestamp": 1658619235, "_runtime": 6538, "_step": 17, "best_val_ap": 0.9546019712524683, "_wandb": {"runtime": 6539}}