{"val_ap": 0.9528777956047394, "val_loss": 0.06022303935931884, "val_acc": 0.9805411090983462, "_timestamp": 1658600201, "_runtime": 4031, "_step": 13, "best_val_ap": 0.9553009058084527, "_wandb": {"runtime": 4032}}