{"val_ap": 0.9538821162944437, "val_loss": 0.06168731138191141, "val_acc": 0.9804826739905335, "_timestamp": 1658612072, "_runtime": 4932, "_step": 22, "best_val_ap": 0.9545471931565639, "_wandb": {"runtime": 4933}}