{"val_ap": 0.9584568047483962, "val_loss": 0.06136021920568433, "val_acc": 0.9821188570092911, "_timestamp": 1658602056, "_runtime": 7993, "_step": 14, "best_val_ap": 0.9591154117542215, "_wandb": {"runtime": 7993}}