{"val_ap": 0.956551846524293, "val_loss": 0.06946363065374146, "val_acc": 0.981651376146789, "_timestamp": 1658585513, "_runtime": 7231, "_step": 22, "best_val_ap": 0.9598702528418273, "_wandb": {"runtime": 7232}}