{"val_ap": 0.09999427861283476, "val_loss": 0.32531324746032225, "val_acc": 0.8999006603167183, "_timestamp": 1658571092, "_runtime": 1922, "_step": 6, "best_val_ap": 0.10745404443776743, "_wandb": {"runtime": 1923}}