{"val_ap": 0.9525381513680315, "val_loss": 0.06909481996366909, "val_acc": 0.9797230175889674, "_timestamp": 1658575697, "_runtime": 4135, "_step": 11, "best_val_ap": 0.9526850738286085, "_wandb": {"runtime": 4135}}