{"val_ap": 0.955194889964945, "val_loss": 0.05983359758830698, "val_acc": 0.9801320633436569, "_timestamp": 1658645941, "_runtime": 6193, "_step": 15, "best_val_ap": 0.9583308050341506, "_wandb": {"runtime": 6335}}