{"val_ap": 0.9530830927024497, "val_loss": 0.05870996573482231, "val_acc": 0.9811838952842868, "_timestamp": 1658625147, "_runtime": 7014, "_step": 17, "best_val_ap": 0.955685999615201, "_wandb": {"runtime": 7015}}