{"val_ap": 0.9535075118883972, "val_loss": 0.05914733336995927, "val_acc": 0.980365803774908, "_timestamp": 1658612678, "_runtime": 8047, "_step": 14, "best_val_ap": 0.9554896716610652, "_wandb": {"runtime": 8047}}