{"val_ap": 0.9547799588324773, "val_loss": 0.06120763124707273, "val_acc": 0.980365803774908, "_timestamp": 1658623113, "_runtime": 3859, "_step": 22, "best_val_ap": 0.9569526241336068, "_wandb": {"runtime": 3860}}