{"val_ap": 0.9533346459084149, "val_loss": 0.06541360419075737, "val_acc": 0.9818266814702273, "_timestamp": 1658613289, "_runtime": 8908, "_step": 25, "best_val_ap": 0.957192924324532, "_wandb": {"runtime": 8910}}