{"val_ap": 0.9560203093710029, "val_loss": 0.05960272610650552, "val_acc": 0.9810085899608485, "_timestamp": 1658607126, "_runtime": 6911, "_step": 14, "best_val_ap": 0.9570090587247004, "_wandb": {"runtime": 6911}}