{"val_ap": 0.9539565798331999, "val_loss": 0.07795961227082183, "val_acc": 0.9804242388827208, "_timestamp": 1658586643, "_runtime": 5627, "_step": 17, "best_val_ap": 0.9556451835943118, "_wandb": {"runtime": 5627}}