{"val_ap": 0.9587359648610301, "val_loss": 0.06154673410808025, "val_acc": 0.9806579793139718, "_timestamp": 1658593405, "_runtime": 6456, "_step": 14, "best_val_ap": 0.9593076596901069, "_wandb": {"runtime": 6457}}