{"val_ap": 0.9462908350812418, "val_loss": 0.06582575087117012, "val_acc": 0.978554315432712, "_timestamp": 1658627266, "_runtime": 1288, "_step": 7}